Date,State,Sunlight_Hours,Temperature_C,Installed_Capacity_MW,Power_Generated_MWh,CO2_Saved_Tons,Maintenance_Cost_INR
2023-01-01,Rajasthan,5.20,38.00,5719,21122.49,15208.19,91011.83
2023-01-02,Rajasthan,8.60,42.10,5699,39671.44,28563.44,13496.09
2023-01-03,Rajasthan,5.10,24.30,5765,19321.63,13911.57,31872.14
2023-01-04,Rajasthan,8.40,32.70,5716,37032.86,26663.66,40600.98
2023-01-05,Rajasthan,9.70,38.50,5708,46425.60,33426.43,47427.56
2023-01-06,Rajasthan,5.40,43.80,5731,20969.86,15098.30,51792.00
2023-01-07,Rajasthan,6.70,27.30,5721,33268.16,23953.08,90270.50
2023-01-08,Rajasthan,7.70,44.30,5736,29648.38,21346.83,42249.61
2023-01-09,Rajasthan,8.30,41.90,5734,38353.84,27614.76,87502.90
2023-01-10,Rajasthan,4.80,24.20,5725,25171.95,18123.80,104084.95
2023-01-11,Rajasthan,9.70,28.30,5746,45794.80,32972.26,50131.54
2023-01-12,Rajasthan,6.70,23.70,5722,32183.92,23172.42,85190.24
2023-01-13,Rajasthan,4.90,35.10,5756,23885.30,17197.42,27974.27
2023-01-14,Rajasthan,6.80,44.70,5769,32787.91,23607.30,34157.67
2023-01-15,Rajasthan,6.40,38.70,5695,25945.25,18680.58,13531.03
2023-01-16,Rajasthan,6.40,25.20,5715,32792.09,23610.30,72389.81
2023-01-17,Rajasthan,8.80,23.70,5751,38301.78,27577.28,110600.23
2023-01-18,Rajasthan,7.30,25.20,5719,35534.28,25584.68,69287.50
2023-01-19,Rajasthan,9.00,29.60,5762,39299.97,28295.98,34125.28
2023-01-20,Rajasthan,10.50,31.80,5699,51106.59,36796.74,104721.32
2023-01-21,Rajasthan,5.40,22.30,5775,23824.82,17153.87,16988.05
2023-01-22,Rajasthan,6.80,44.90,5755,28093.59,20227.38,70854.85
2023-01-23,Rajasthan,10.20,36.40,5702,48509.37,34926.75,69066.74
2023-01-24,Rajasthan,6.10,35.30,5702,25364.75,18262.62,27397.35
2023-01-25,Rajasthan,4.50,37.50,5780,18756.20,13504.46,65064.47
2023-01-26,Rajasthan,5.60,42.60,5768,23598.32,16990.79,80284.44
2023-01-27,Rajasthan,8.20,22.10,5785,32903.17,23690.28,114884.97
2023-01-28,Rajasthan,10.00,42.80,5764,42510.78,30607.76,12142.44
2023-01-29,Rajasthan,10.10,41.70,5727,41337.41,29762.94,36495.88
2023-01-30,Rajasthan,7.90,20.10,5781,35678.12,25688.25,17613.38
2023-01-31,Rajasthan,9.10,38.70,5704,42985.39,30949.48,114153.35
2023-02-01,Rajasthan,5.50,32.20,5765,24232.37,17447.31,33297.80
2023-02-02,Rajasthan,7.70,37.70,5713,37061.49,26684.27,53889.15
2023-02-03,Rajasthan,8.50,28.10,5754,37752.92,27182.10,37269.62
2023-02-04,Rajasthan,4.90,18.60,5758,20092.21,14466.39,34223.91
2023-02-05,Rajasthan,4.90,35.00,5717,18718.43,13477.27,13455.43
2023-02-06,Rajasthan,6.50,31.90,5723,30898.80,22247.14,33566.05
2023-02-07,Rajasthan,5.30,43.30,5761,24596.93,17709.79,36729.70
2023-02-08,Rajasthan,7.30,29.00,5700,28135.49,20257.55,57415.63
2023-02-09,Rajasthan,7.00,30.60,5781,26895.43,19364.71,81880.10
2023-02-10,Rajasthan,8.40,19.60,5781,36012.96,25929.33,104783.98
2023-02-11,Rajasthan,6.00,23.10,5745,23710.16,17071.32,30183.68
2023-02-12,Rajasthan,7.30,41.60,5697,32008.09,23045.82,104748.40
2023-02-13,Rajasthan,7.80,19.40,5757,39324.19,28313.42,116589.59
2023-02-14,Rajasthan,10.10,40.90,5709,43806.82,31540.91,62949.43
2023-02-15,Rajasthan,9.70,42.40,5709,41661.60,29996.35,118383.97
2023-02-16,Rajasthan,6.10,39.20,5746,25482.39,18347.32,86625.07
2023-02-17,Rajasthan,8.90,39.20,5772,43355.43,31215.91,27027.65
2023-02-18,Rajasthan,6.30,44.20,5762,30806.47,22180.66,16705.33
2023-02-19,Rajasthan,6.40,19.40,5749,28911.29,20816.13,103799.19
2023-02-20,Rajasthan,5.40,43.90,5698,27072.66,19492.32,17537.35
2023-02-21,Rajasthan,4.90,41.30,5739,19188.98,13816.07,107931.60
2023-02-22,Rajasthan,6.00,34.10,5767,23257.23,16745.21,82311.05
2023-02-23,Rajasthan,7.90,26.50,5721,31869.89,22946.32,88781.10
2023-02-24,Rajasthan,5.90,28.70,5773,28075.73,20214.53,60294.70
2023-02-25,Rajasthan,10.10,43.30,5689,44458.08,32009.82,119829.99
2023-02-26,Rajasthan,10.50,20.00,5715,47201.23,33984.89,24570.22
2023-02-27,Rajasthan,6.60,19.90,5719,28300.46,20376.33,27352.15
2023-02-28,Rajasthan,9.50,37.00,5766,50156.03,36112.34,98780.99
2023-03-01,Rajasthan,7.70,36.00,5758,32402.62,23329.89,82972.76
2023-03-02,Rajasthan,10.10,21.60,5702,51268.09,36913.02,91665.84
2023-03-03,Rajasthan,5.40,25.60,5714,26034.58,18744.90,32395.70
2023-03-04,Rajasthan,8.30,25.10,5750,34257.14,24665.14,109897.50
2023-03-05,Rajasthan,4.80,35.10,5723,18182.75,13091.58,46691.22
2023-03-06,Rajasthan,5.30,44.50,5708,25718.54,18517.35,70684.85
2023-03-07,Rajasthan,7.10,18.30,5697,36612.70,26361.14,86012.16
2023-03-08,Rajasthan,5.40,19.00,5735,25000.58,18000.42,26290.32
2023-03-09,Rajasthan,5.30,26.30,5693,26935.64,19393.66,33108.42
2023-03-10,Rajasthan,6.00,20.80,5787,27818.17,20029.08,106218.40
2023-03-11,Rajasthan,10.30,38.20,5718,52030.76,37462.15,117382.66
2023-03-12,Rajasthan,9.40,41.80,5691,37362.65,26901.11,111693.60
2023-03-13,Rajasthan,9.20,29.10,5773,46913.33,33777.60,99182.42
2023-03-14,Rajasthan,6.10,39.30,5701,26196.36,18861.38,14259.71
2023-03-15,Rajasthan,7.30,23.40,5746,31224.78,22481.84,100259.00
2023-03-16,Rajasthan,9.70,24.00,5772,39311.98,28304.63,46108.81
2023-03-17,Rajasthan,9.70,44.10,5723,41346.68,29769.61,66034.62
2023-03-18,Rajasthan,8.60,40.80,5730,44527.31,32059.66,22687.59
2023-03-19,Rajasthan,10.30,22.80,5721,38910.77,28015.75,75622.84
2023-03-20,Rajasthan,6.60,39.20,5743,30841.43,22205.83,66256.54
2023-03-21,Rajasthan,6.80,33.60,5720,25748.54,18538.95,57966.33
2023-03-22,Rajasthan,7.60,39.80,5775,37053.96,26678.85,91614.51
2023-03-23,Rajasthan,8.50,27.80,5696,43874.39,31589.56,111284.79
2023-03-24,Rajasthan,8.20,35.90,5703,39484.93,28429.15,43035.45
2023-03-25,Rajasthan,6.40,29.00,5739,30788.45,22167.68,70985.37
2023-03-26,Rajasthan,5.70,36.00,5736,27231.04,19606.35,109308.61
2023-03-27,Rajasthan,8.20,26.10,5758,41318.65,29749.43,43426.24
2023-03-28,Rajasthan,5.80,39.20,5765,27644.73,19904.21,61148.70
2023-03-29,Rajasthan,7.20,23.80,5748,35769.93,25754.35,115581.52
2023-03-30,Rajasthan,8.90,35.80,5724,40203.26,28946.35,79623.49
2023-03-31,Rajasthan,6.50,40.10,5784,26821.53,19311.50,44146.14
2023-04-01,Rajasthan,9.30,22.00,5693,37914.24,27298.25,62265.00
2023-04-02,Rajasthan,9.60,20.00,5741,49010.15,35287.31,73323.80
2023-04-03,Rajasthan,8.80,28.40,5739,36154.02,26030.89,82166.38
2023-04-04,Rajasthan,4.50,38.30,5786,23148.86,16667.18,95626.24
2023-04-05,Rajasthan,5.80,39.70,5777,26465.14,19054.90,15524.02
2023-04-06,Rajasthan,6.00,40.90,5746,23650.59,17028.42,61110.76
2023-04-07,Rajasthan,7.70,33.10,5728,39982.20,28787.18,108056.85
2023-04-08,Rajasthan,8.20,37.40,5752,36092.67,25986.72,109754.02
2023-04-09,Rajasthan,7.20,22.30,5748,31929.77,22989.43,92695.45
2023-04-10,Rajasthan,9.50,25.50,5787,43472.72,31300.36,78942.33
2023-04-11,Rajasthan,6.10,20.10,5724,24906.33,17932.56,46943.23
2023-04-12,Rajasthan,9.90,20.20,5707,40252.40,28981.73,86334.48
2023-04-13,Rajasthan,8.70,19.70,5740,36921.06,26583.16,61251.67
2023-04-14,Rajasthan,4.90,40.50,5737,25140.12,18100.89,74248.74
2023-04-15,Rajasthan,8.70,41.10,5785,40537.21,29186.79,62467.77
2023-04-16,Rajasthan,10.20,26.10,5737,51520.53,37094.78,114877.34
2023-04-17,Rajasthan,7.00,38.20,5757,34897.50,25126.20,108759.25
2023-04-18,Rajasthan,7.40,25.40,5750,27990.95,20153.48,46974.25
2023-04-19,Rajasthan,8.60,28.90,5709,43055.30,30999.82,111149.58
2023-04-20,Rajasthan,10.40,32.40,5738,48325.64,34794.46,82929.97
2023-04-21,Rajasthan,5.00,29.60,5747,20087.69,14463.14,38617.19
2023-04-22,Rajasthan,6.50,30.30,5731,31869.85,22946.29,51703.88
2023-04-23,Rajasthan,9.00,40.50,5720,45066.93,32448.19,61733.75
2023-04-24,Rajasthan,9.00,19.40,5732,36655.34,26391.84,17548.02
2023-04-25,Rajasthan,10.20,19.10,5691,52614.61,37882.52,31929.68
2023-04-26,Rajasthan,4.60,22.10,5704,20409.84,14695.08,22582.84
2023-04-27,Rajasthan,10.20,30.60,5720,50004.45,36003.20,28456.81
2023-04-28,Rajasthan,8.10,38.20,5702,39720.31,28598.62,28014.24
2023-04-29,Rajasthan,6.40,33.60,5727,29522.55,21256.24,109882.88
2023-04-30,Rajasthan,6.80,43.40,5713,26048.59,18754.98,85967.59
2023-05-01,Rajasthan,8.30,20.80,5786,35125.92,25290.66,85268.49
2023-05-02,Rajasthan,9.30,39.50,5760,46138.74,33219.89,48192.41
2023-05-03,Rajasthan,7.10,28.00,5752,33685.67,24253.68,11391.74
2023-05-04,Rajasthan,7.00,31.20,5743,36559.30,26322.70,79914.36
2023-05-05,Rajasthan,9.50,37.10,5743,38057.66,27401.52,67392.14
2023-05-06,Rajasthan,8.40,34.60,5756,41540.40,29909.09,61136.11
2023-05-07,Rajasthan,9.50,34.00,5729,47892.40,34482.53,101380.41
2023-05-08,Rajasthan,5.00,41.80,5719,24380.91,17554.26,72683.46
2023-05-09,Rajasthan,8.50,27.10,5751,43005.61,30964.04,30002.38
2023-05-10,Rajasthan,5.80,39.50,5731,24115.73,17363.33,75577.05
2023-05-11,Rajasthan,9.80,33.00,5754,51087.31,36782.86,19417.43
2023-05-12,Rajasthan,8.80,31.20,5785,36393.49,26203.31,62370.24
2023-05-13,Rajasthan,8.80,30.10,5690,33804.83,24339.48,34375.60
2023-05-14,Rajasthan,8.70,26.30,5762,37578.78,27056.72,70882.03
2023-05-15,Rajasthan,6.60,44.90,5758,28095.99,20229.11,87314.04
2023-05-16,Rajasthan,6.10,24.80,5703,29387.30,21158.86,44710.27
2023-05-17,Rajasthan,9.00,43.70,5776,36388.30,26199.58,33802.31
2023-05-18,Rajasthan,7.40,37.60,5785,33889.83,24400.68,41129.86
2023-05-19,Rajasthan,5.10,23.20,5717,21792.82,15690.83,43249.43
2023-05-20,Rajasthan,8.70,21.40,5693,45223.02,32560.57,70869.49
2023-05-21,Rajasthan,8.70,21.40,5784,39377.90,28352.09,105999.17
2023-05-22,Rajasthan,7.90,30.70,5744,33669.75,24242.22,116204.74
2023-05-23,Rajasthan,6.00,41.30,5702,29831.88,21478.95,54077.82
2023-05-24,Rajasthan,4.90,35.00,5694,19278.37,13880.43,99225.63
2023-05-25,Rajasthan,10.20,20.30,5719,39782.60,28643.47,94088.78
2023-05-26,Rajasthan,8.10,39.40,5716,39791.60,28649.95,51841.58
2023-05-27,Rajasthan,10.00,26.00,5763,52864.49,38062.43,43591.83
2023-05-28,Rajasthan,8.20,34.50,5782,32088.38,23103.63,93901.08
2023-05-29,Rajasthan,8.30,25.10,5698,32746.21,23577.27,29119.49
2023-05-30,Rajasthan,5.00,18.10,5745,24017.84,17292.84,61690.37
2023-05-31,Rajasthan,4.70,25.80,5724,22593.15,16267.07,59943.45
2023-06-01,Rajasthan,8.60,42.90,5788,42989.08,30952.14,74876.85
2023-06-02,Rajasthan,9.30,23.30,5702,42265.48,30431.15,81239.82
2023-06-03,Rajasthan,10.00,40.30,5697,37947.85,27322.45,97189.14
2023-06-04,Rajasthan,8.10,40.30,5724,35634.35,25656.73,61556.78
2023-06-05,Rajasthan,6.30,28.90,5722,28302.75,20377.98,64317.47
2023-06-06,Rajasthan,5.00,19.10,5743,24359.63,17538.93,76408.50
2023-06-07,Rajasthan,4.70,24.20,5774,23764.81,17110.66,73271.90
2023-06-08,Rajasthan,10.20,45.00,5774,51343.53,36967.34,73387.17
2023-06-09,Rajasthan,9.10,22.70,5754,43245.68,31136.89,110768.01
2023-06-10,Rajasthan,5.60,33.80,5769,28101.60,20233.15,116596.08
2023-06-11,Rajasthan,7.30,29.00,5729,34751.16,25020.84,104350.64
2023-06-12,Rajasthan,6.50,36.70,5724,30839.96,22204.77,54049.75
2023-06-13,Rajasthan,9.10,19.00,5699,38113.59,27441.78,45560.12
2023-06-14,Rajasthan,10.30,28.90,5753,51714.42,37234.38,10126.62
2023-06-15,Rajasthan,9.70,30.50,5694,38698.01,27862.57,49795.73
2023-06-16,Rajasthan,9.00,34.90,5785,34567.79,24888.81,39376.19
2023-06-17,Rajasthan,5.30,25.80,5777,23908.82,17214.35,13175.64
2023-06-18,Rajasthan,8.30,39.60,5778,33223.07,23920.61,70592.29
2023-06-19,Rajasthan,7.80,20.50,5702,34450.40,24804.29,22921.28
2023-06-20,Rajasthan,9.50,31.50,5779,40011.63,28808.37,87595.28
2023-06-21,Rajasthan,7.00,31.00,5748,28801.22,20736.88,70639.16
2023-06-22,Rajasthan,6.80,42.90,5753,33310.98,23983.91,25015.92
2023-06-23,Rajasthan,4.90,38.90,5741,20866.55,15023.92,96648.91
2023-06-24,Rajasthan,6.10,18.10,5780,25759.85,18547.09,74563.15
2023-06-25,Rajasthan,10.50,31.20,5707,46175.12,33246.09,63277.55
2023-06-26,Rajasthan,6.50,38.60,5736,28818.41,20749.26,45395.51
2023-06-27,Rajasthan,5.60,36.80,5761,24305.96,17500.29,104161.43
2023-06-28,Rajasthan,7.00,26.60,5748,33814.80,24346.66,99254.98
2023-06-29,Rajasthan,6.80,35.90,5771,35900.13,25848.09,64486.15
2023-06-30,Rajasthan,4.70,31.60,5763,20033.92,14424.42,21040.11
2023-07-01,Rajasthan,9.60,20.70,5746,36083.62,25980.21,25857.10
2023-07-02,Rajasthan,9.70,44.20,5697,42924.59,30905.70,116612.40
2023-07-03,Rajasthan,6.50,36.70,5771,25195.92,18141.06,46142.21
2023-07-04,Rajasthan,8.50,32.40,5728,39886.95,28718.60,107618.26
2023-07-05,Rajasthan,7.40,32.60,5767,28527.65,20539.91,79427.71
2023-07-06,Rajasthan,10.00,44.90,5783,39000.69,28080.50,117617.15
2023-07-07,Rajasthan,9.10,37.00,5700,39929.17,28749.00,86340.13
2023-07-08,Rajasthan,9.90,19.20,5695,41113.18,29601.49,51232.52
2023-07-09,Rajasthan,5.40,32.30,5760,25943.41,18679.26,29806.26
2023-07-10,Rajasthan,5.60,34.50,5736,26253.68,18902.65,36491.28
2023-07-11,Rajasthan,10.00,21.90,5747,47253.80,34022.74,60552.75
2023-07-12,Rajasthan,8.50,42.30,5747,43638.56,31419.76,84537.20
2023-07-13,Rajasthan,5.40,29.90,5732,28373.38,20428.83,42906.97
2023-07-14,Rajasthan,10.30,36.60,5746,51977.11,37423.52,31913.87
2023-07-15,Rajasthan,6.80,31.00,5718,29277.22,21079.60,49485.51
2023-07-16,Rajasthan,6.30,36.90,5690,32765.77,23591.35,82405.28
2023-07-17,Rajasthan,6.10,33.30,5775,30300.73,21816.53,117096.31
2023-07-18,Rajasthan,10.00,38.10,5724,49194.92,35420.34,35313.02
2023-07-19,Rajasthan,9.30,23.90,5712,43434.38,31272.75,84554.09
2023-07-20,Rajasthan,8.80,35.80,5705,41148.55,29626.96,109374.41
2023-07-21,Rajasthan,8.40,26.30,5744,31796.89,22893.76,50134.74
2023-07-22,Rajasthan,5.30,42.60,5729,25864.40,18622.37,29320.41
2023-07-23,Rajasthan,5.30,32.60,5734,24109.46,17358.81,110483.57
2023-07-24,Rajasthan,9.50,24.90,5749,49765.30,35831.02,42465.56
2023-07-25,Rajasthan,9.70,39.70,5747,50727.72,36523.96,25483.27
2023-07-26,Rajasthan,10.30,41.20,5780,49537.63,35667.09,53715.26
2023-07-27,Rajasthan,9.60,33.00,5699,47241.56,34013.92,11531.05
2023-07-28,Rajasthan,7.70,30.30,5774,37890.11,27280.88,38837.75
2023-07-29,Rajasthan,6.80,35.20,5735,26489.53,19072.46,35720.41
2023-07-30,Rajasthan,4.70,41.90,5759,19990.87,14393.43,77109.04
2023-07-31,Rajasthan,8.40,35.20,5747,43231.76,31126.87,43240.92
2023-08-01,Rajasthan,6.90,21.80,5692,28756.16,20704.44,64188.71
2023-08-02,Rajasthan,5.10,42.00,5705,21965.19,15814.94,50811.27
2023-08-03,Rajasthan,10.20,36.80,5757,44814.07,32266.13,91649.59
2023-08-04,Rajasthan,5.40,29.20,5700,26935.49,19393.55,77721.74
2023-08-05,Rajasthan,10.10,25.60,5776,43755.71,31504.11,58772.14
2023-08-06,Rajasthan,10.20,41.10,5700,53189.41,38296.38,50406.85
2023-08-07,Rajasthan,9.90,35.40,5695,42708.10,30749.83,30878.94
2023-08-08,Rajasthan,5.20,40.90,5746,20161.04,14515.95,33331.64
2023-08-09,Rajasthan,8.30,44.20,5694,40758.83,29346.36,36792.58
2023-08-10,Rajasthan,5.30,33.20,5696,26386.55,18998.32,70962.86
2023-08-11,Rajasthan,8.00,40.00,5717,33785.69,24325.70,26230.96
2023-08-12,Rajasthan,9.90,18.10,5706,51780.01,37281.61,69423.70
2023-08-13,Rajasthan,9.30,21.00,5691,36285.58,26125.62,49406.65
2023-08-14,Rajasthan,9.20,33.90,5690,36488.99,26272.07,15763.89
2023-08-15,Rajasthan,9.00,32.20,5783,34723.71,25001.07,59310.27
2023-08-16,Rajasthan,6.70,34.00,5745,30255.72,21784.12,113995.72
2023-08-17,Rajasthan,4.80,39.10,5772,21909.36,15774.74,60384.68
2023-08-18,Rajasthan,10.30,19.60,5749,52036.14,37466.02,56890.10
2023-08-19,Rajasthan,5.10,37.20,5744,19622.63,14128.29,18886.95
2023-08-20,Rajasthan,8.10,19.80,5723,37945.68,27320.89,74390.12
2023-08-21,Rajasthan,8.80,28.30,5764,40236.20,28970.06,59908.70
2023-08-22,Rajasthan,8.10,20.70,5777,31861.45,22940.24,82018.43
2023-08-23,Rajasthan,9.80,32.90,5715,42908.02,30893.77,107690.01
2023-08-24,Rajasthan,7.00,40.30,5739,30624.57,22049.69,20459.44
2023-08-25,Rajasthan,7.10,36.00,5735,36950.82,26604.59,85550.31
2023-08-26,Rajasthan,7.30,20.50,5698,28084.05,20220.52,20622.09
2023-08-27,Rajasthan,8.90,39.90,5759,34145.88,24585.03,115228.71
2023-08-28,Rajasthan,7.90,36.10,5740,33804.15,24338.99,83187.46
2023-08-29,Rajasthan,9.00,41.40,5780,34535.58,24865.62,41639.23
2023-08-30,Rajasthan,6.40,20.80,5752,26042.83,18750.84,82240.99
2023-08-31,Rajasthan,5.80,20.90,5759,25026.31,18018.94,93886.62
2023-09-01,Rajasthan,7.90,39.80,5759,41543.74,29911.49,100026.95
2023-09-02,Rajasthan,8.20,35.40,5691,38006.29,27364.53,82361.44
2023-09-03,Rajasthan,8.70,18.80,5722,41802.87,30098.07,43988.32
2023-09-04,Rajasthan,6.50,18.20,5706,29779.01,21440.89,54086.28
2023-09-05,Rajasthan,5.40,35.10,5691,20736.77,14930.47,68353.10
2023-09-06,Rajasthan,6.80,30.20,5708,29107.47,20957.38,89375.56
2023-09-07,Rajasthan,9.20,33.30,5698,46576.72,33535.24,27113.79
2023-09-08,Rajasthan,9.00,19.30,5698,37100.87,26712.63,82813.26
2023-09-09,Rajasthan,7.40,29.90,5722,29987.32,21590.87,66358.09
2023-09-10,Rajasthan,6.60,21.00,5774,31751.59,22861.14,63529.60
2023-09-11,Rajasthan,8.50,19.20,5738,44666.33,32159.76,16026.02
2023-09-12,Rajasthan,5.70,43.50,5786,22659.16,16314.60,38107.15
2023-09-13,Rajasthan,6.50,18.20,5783,28803.96,20738.85,24210.43
2023-09-14,Rajasthan,7.70,24.20,5759,38801.51,27937.09,98682.02
2023-09-15,Rajasthan,4.90,41.30,5693,21417.74,15420.77,60572.97
2023-09-16,Rajasthan,5.00,26.50,5742,23106.32,16636.55,88044.89
2023-09-17,Rajasthan,7.00,21.10,5690,36280.11,26121.68,28906.05
2023-09-18,Rajasthan,10.20,30.40,5776,52925.75,38106.54,19694.29
2023-09-19,Rajasthan,9.60,24.60,5763,41942.92,30198.90,18651.18
2023-09-20,Rajasthan,9.70,38.10,5716,41025.49,29538.35,28494.60
2023-09-21,Rajasthan,7.60,21.10,5753,30708.88,22110.39,95385.11
2023-09-22,Rajasthan,6.60,43.90,5770,33133.62,23856.21,35989.57
2023-09-23,Rajasthan,5.40,23.30,5765,21520.08,15494.46,93506.76
2023-09-24,Rajasthan,5.00,43.70,5768,22593.59,16267.38,92989.04
2023-09-25,Rajasthan,9.10,30.10,5760,43170.23,31082.57,118518.51
2023-09-26,Rajasthan,6.40,44.20,5728,25322.65,18232.31,17511.49
2023-09-27,Rajasthan,7.20,26.20,5723,33363.49,24021.71,48713.64
2023-09-28,Rajasthan,4.90,30.50,5692,18557.43,13361.35,101486.63
2023-09-29,Rajasthan,5.00,41.30,5699,23253.41,16742.46,65777.46
2023-09-30,Rajasthan,7.30,33.00,5782,37645.29,27104.61,59470.71
2023-10-01,Rajasthan,9.40,35.60,5729,43801.10,31536.79,65150.40
2023-10-02,Rajasthan,10.20,30.20,5731,53501.69,38521.22,19276.20
2023-10-03,Rajasthan,8.40,19.10,5778,37284.49,26844.83,58336.40
2023-10-04,Rajasthan,7.60,22.30,5735,39133.38,28176.03,52615.82
2023-10-05,Rajasthan,9.10,36.30,5694,44721.42,32199.42,81203.59
2023-10-06,Rajasthan,4.90,20.60,5774,21343.15,15367.07,37719.54
2023-10-07,Rajasthan,9.60,44.00,5765,49022.91,35296.50,46669.82
2023-10-08,Rajasthan,8.00,21.80,5732,33647.42,24226.14,82166.02
2023-10-09,Rajasthan,8.50,21.50,5778,44361.84,31940.52,44054.01
2023-10-10,Rajasthan,6.80,39.40,5704,32229.50,23205.24,101185.49
2023-10-11,Rajasthan,8.90,36.50,5755,34585.06,24901.24,83750.16
2023-10-12,Rajasthan,7.60,18.50,5727,30409.79,21895.05,33561.19
2023-10-13,Rajasthan,10.20,31.10,5716,53638.58,38619.78,27043.97
2023-10-14,Rajasthan,6.30,39.30,5752,31096.80,22389.70,101863.18
2023-10-15,Rajasthan,9.80,19.00,5731,49796.29,35853.33,77983.46
2023-10-16,Rajasthan,8.10,22.20,5711,40451.88,29125.35,94820.76
2023-10-17,Rajasthan,9.40,22.50,5744,35732.80,25727.62,50072.94
2023-10-18,Rajasthan,8.80,44.20,5766,36885.04,26557.23,92339.02
2023-10-19,Rajasthan,7.20,32.40,5727,37552.63,27037.89,96280.73
2023-10-20,Rajasthan,9.90,23.20,5774,51773.60,37276.99,118288.38
2023-10-21,Rajasthan,7.30,25.60,5736,32903.01,23690.17,56052.69
2023-10-22,Rajasthan,5.50,23.40,5765,21794.71,15692.19,37500.35
2023-10-23,Rajasthan,8.30,41.60,5758,43120.23,31046.57,88254.11
2023-10-24,Rajasthan,7.60,21.40,5698,37070.71,26690.91,40007.04
2023-10-25,Rajasthan,9.90,22.00,5743,38364.10,27622.15,110155.54
2023-10-26,Rajasthan,9.40,41.90,5691,40764.68,29350.57,53609.94
2023-10-27,Rajasthan,6.70,28.40,5698,28679.27,20649.07,13100.63
2023-10-28,Rajasthan,10.10,40.70,5771,43163.25,31077.54,26065.42
2023-10-29,Rajasthan,4.70,42.80,5748,22637.44,16298.96,25267.20
2023-10-30,Rajasthan,8.70,30.10,5688,44268.90,31873.61,12090.43
2023-10-31,Rajasthan,5.80,22.00,5781,27306.59,19660.74,56558.02
2023-11-01,Rajasthan,9.20,24.40,5703,34780.37,25041.87,56180.81
2023-11-02,Rajasthan,9.30,30.30,5702,46448.05,33442.60,64981.21
2023-11-03,Rajasthan,7.70,35.10,5761,31731.53,22846.70,25793.45
2023-11-04,Rajasthan,7.10,34.60,5718,32643.85,23503.57,30604.53
2023-11-05,Rajasthan,8.50,32.10,5734,32570.98,23451.11,67866.54
2023-11-06,Rajasthan,7.50,44.70,5758,28307.35,20381.29,106066.46
2023-11-07,Rajasthan,4.80,28.40,5735,19778.47,14240.50,11786.65
2023-11-08,Rajasthan,9.20,27.30,5781,44006.40,31684.61,21403.03
2023-11-09,Rajasthan,8.00,38.40,5705,30212.34,21752.88,70061.51
2023-11-10,Rajasthan,9.40,22.70,5787,45414.78,32698.64,117890.11
2023-11-11,Rajasthan,7.40,22.90,5705,28160.31,20275.42,95380.94
2023-11-12,Rajasthan,7.20,25.90,5693,35398.60,25486.99,107436.94
2023-11-13,Rajasthan,6.40,26.40,5738,33677.49,24247.79,69733.38
2023-11-14,Rajasthan,6.00,38.30,5712,24924.31,17945.50,104835.24
2023-11-15,Rajasthan,4.80,35.70,5722,18775.71,13518.51,50482.11
2023-11-16,Rajasthan,9.80,38.10,5737,41691.30,30017.74,30549.89
2023-11-17,Rajasthan,8.70,27.90,5754,36143.91,26023.62,19087.27
2023-11-18,Rajasthan,7.00,29.60,5711,31872.79,22948.41,45333.26
2023-11-19,Rajasthan,5.00,35.80,5727,22060.33,15883.44,88942.92
2023-11-20,Rajasthan,5.50,30.00,5745,20899.72,15047.80,105704.09
2023-11-21,Rajasthan,6.60,45.00,5723,31073.22,22372.72,97062.56
2023-11-22,Rajasthan,4.80,36.10,5739,20607.90,14837.69,98120.56
2023-11-23,Rajasthan,8.60,43.70,5706,43140.84,31061.40,84589.78
2023-11-24,Rajasthan,7.10,21.40,5718,34922.19,25143.98,50296.13
2023-11-25,Rajasthan,6.80,33.30,5765,27105.37,19515.87,59491.48
2023-11-26,Rajasthan,6.70,30.00,5697,30725.20,22122.14,68240.59
2023-11-27,Rajasthan,6.90,35.50,5719,35883.57,25836.17,12850.47
2023-11-28,Rajasthan,5.60,32.00,5759,21988.18,15831.49,95246.09
2023-11-29,Rajasthan,8.70,23.80,5766,36474.68,26261.77,110812.68
2023-11-30,Rajasthan,7.40,21.30,5697,32547.99,23434.55,108854.69
2023-12-01,Rajasthan,7.20,20.40,5775,37889.42,27280.38,118523.21
2023-12-02,Rajasthan,8.50,37.20,5758,38977.53,28063.82,108046.49
2023-12-03,Rajasthan,9.60,37.20,5777,45597.39,32830.12,97306.60
2023-12-04,Rajasthan,7.60,21.30,5713,37507.67,27005.52,36040.98
2023-12-05,Rajasthan,7.50,27.70,5761,32388.60,23319.79,98402.79
2023-12-06,Rajasthan,7.80,34.50,5699,29683.04,21371.79,53797.60
2023-12-07,Rajasthan,8.80,30.90,5740,43322.85,31192.45,100567.33
2023-12-08,Rajasthan,4.90,44.30,5770,18943.60,13639.39,61241.65
2023-12-09,Rajasthan,7.60,21.50,5787,35134.47,25296.82,74656.46
2023-12-10,Rajasthan,9.10,21.50,5752,46893.87,33763.59,16095.41
2023-12-11,Rajasthan,5.20,22.10,5709,20594.66,14828.16,112821.16
2023-12-12,Rajasthan,5.90,43.60,5754,30269.59,21794.10,103052.71
2023-12-13,Rajasthan,6.00,35.10,5758,25016.27,18011.71,78752.46
2023-12-14,Rajasthan,8.20,20.50,5770,32908.39,23694.04,113576.77
2023-12-15,Rajasthan,5.40,35.80,5780,27889.18,20080.21,47138.15
2023-12-16,Rajasthan,10.00,19.10,5691,38239.55,27532.48,114340.15
2023-12-17,Rajasthan,9.10,25.10,5714,44565.88,32087.43,55824.55
2023-12-18,Rajasthan,8.30,31.40,5768,38170.54,27482.79,80609.80
2023-12-19,Rajasthan,6.30,24.60,5775,27637.78,19899.20,59889.85
2023-12-20,Rajasthan,8.60,22.30,5741,38547.55,27754.24,32442.53
2023-12-21,Rajasthan,8.10,26.40,5779,34462.17,24812.76,118682.57
2023-12-22,Rajasthan,6.60,28.80,5785,28637.50,20619.00,71781.63
2023-12-23,Rajasthan,6.40,30.60,5722,28248.95,20339.24,25496.54
2023-12-24,Rajasthan,4.80,43.50,5766,21114.53,15202.46,115895.44
2023-12-25,Rajasthan,9.90,40.00,5761,48176.80,34687.30,30881.75
2023-12-26,Rajasthan,5.50,44.90,5747,24802.09,17857.50,43939.45
2023-12-27,Rajasthan,4.60,43.50,5752,20464.93,14734.75,36480.15
2023-12-28,Rajasthan,8.00,19.30,5724,35883.59,25836.18,107057.34
2023-12-29,Rajasthan,8.40,30.70,5756,31534.51,22704.85,21824.68
2023-12-30,Rajasthan,5.30,25.10,5734,26021.35,18735.37,50253.11
2023-12-31,Rajasthan,6.90,33.40,5712,29476.10,21222.79,41746.19
2023-01-01,Gujarat,7.50,38.60,3649,23887.29,17198.85,78556.57
2023-01-02,Gujarat,8.20,21.50,3626,22488.82,16191.95,97438.70
2023-01-03,Gujarat,6.50,43.40,3710,16614.08,11962.14,76270.92
2023-01-04,Gujarat,6.90,19.10,3618,17150.40,12348.29,46634.48
2023-01-05,Gujarat,7.30,30.30,3691,24011.29,17288.13,25375.91
2023-01-06,Gujarat,10.10,26.60,3664,33952.12,24445.53,91325.13
2023-01-07,Gujarat,6.30,27.10,3679,18396.88,13245.75,87961.38
2023-01-08,Gujarat,6.30,40.00,3661,17054.54,12279.27,22056.50
2023-01-09,Gujarat,7.00,26.30,3706,22970.78,16538.96,79218.65
2023-01-10,Gujarat,8.10,25.20,3697,25794.75,18572.22,95377.82
2023-01-11,Gujarat,8.00,37.50,3688,23004.89,16563.52,67665.56
2023-01-12,Gujarat,8.80,38.90,3662,22232.42,16007.34,84879.96
2023-01-13,Gujarat,4.70,43.60,3628,11961.90,8612.57,58514.24
2023-01-14,Gujarat,7.00,29.10,3640,19385.23,13957.37,95246.95
2023-01-15,Gujarat,10.00,41.60,3708,31384.46,22596.81,87635.28
2023-01-16,Gujarat,7.60,33.10,3698,21898.14,15766.66,51450.73
2023-01-17,Gujarat,10.20,30.40,3682,27882.93,20075.71,48971.57
2023-01-18,Gujarat,9.10,37.50,3696,29159.87,20995.11,39079.84
2023-01-19,Gujarat,7.40,43.80,3649,21620.53,15566.78,34735.37
2023-01-20,Gujarat,10.30,26.00,3650,31591.95,22746.20,85926.39
2023-01-21,Gujarat,7.40,31.00,3685,24599.34,17711.52,97494.59
2023-01-22,Gujarat,6.10,21.30,3700,17980.65,12946.07,108533.65
2023-01-23,Gujarat,6.90,27.30,3712,22212.61,15993.08,41949.79
2023-01-24,Gujarat,6.20,37.30,3658,20399.91,14687.94,82156.93
2023-01-25,Gujarat,9.00,23.80,3682,23965.59,17255.22,71821.98
2023-01-26,Gujarat,6.10,20.90,3708,18286.04,13165.95,36670.38
2023-01-27,Gujarat,8.50,32.30,3695,22389.33,16120.32,21021.78
2023-01-28,Gujarat,6.50,30.80,3701,20643.05,14863.00,10569.96
2023-01-29,Gujarat,7.80,43.10,3666,23627.34,17011.68,106871.22
2023-01-30,Gujarat,7.40,35.60,3710,24990.19,17992.94,45328.45
2023-01-31,Gujarat,8.40,42.50,3625,25155.37,18111.87,35544.22
2023-02-01,Gujarat,8.90,41.00,3618,28869.80,20786.26,29257.13
2023-02-02,Gujarat,9.80,22.70,3618,32592.81,23466.82,53669.40
2023-02-03,Gujarat,7.50,43.30,3651,24280.63,17482.05,11019.39
2023-02-04,Gujarat,7.90,20.90,3656,20992.64,15114.70,118800.94
2023-02-05,Gujarat,7.80,31.30,3631,24917.13,17940.33,61482.28
2023-02-06,Gujarat,5.70,21.00,3634,17552.92,12638.10,81311.39
2023-02-07,Gujarat,8.80,18.40,3657,27789.05,20008.12,72455.93
2023-02-08,Gujarat,9.00,22.70,3695,29670.16,21362.52,100968.88
2023-02-09,Gujarat,7.60,20.30,3699,18997.07,13677.89,117985.37
2023-02-10,Gujarat,7.40,43.30,3614,19266.41,13871.82,35907.34
2023-02-11,Gujarat,9.00,43.80,3652,26533.17,19103.88,73016.51
2023-02-12,Gujarat,6.10,27.70,3644,14821.31,10671.34,23004.73
2023-02-13,Gujarat,6.30,28.90,3678,20836.62,15002.37,107658.16
2023-02-14,Gujarat,9.10,36.60,3695,30173.12,21724.65,42454.14
2023-02-15,Gujarat,8.20,23.90,3631,23197.35,16702.09,60047.65
2023-02-16,Gujarat,10.40,28.10,3703,30743.23,22135.13,61791.09
2023-02-17,Gujarat,7.70,35.90,3641,23990.21,17272.95,84837.61
2023-02-18,Gujarat,8.10,39.30,3681,22976.94,16543.40,87414.27
2023-02-19,Gujarat,5.00,33.20,3621,15819.59,11390.10,109317.70
2023-02-20,Gujarat,5.70,32.50,3635,15303.25,11018.34,67237.57
2023-02-21,Gujarat,5.20,23.50,3688,14996.57,10797.53,108877.83
2023-02-22,Gujarat,7.20,19.50,3630,20610.25,14839.38,60247.83
2023-02-23,Gujarat,4.80,30.50,3653,14821.58,10671.54,53554.36
2023-02-24,Gujarat,9.40,38.10,3688,23217.25,16716.42,56606.71
2023-02-25,Gujarat,8.70,32.60,3621,28426.06,20466.76,17592.11
2023-02-26,Gujarat,10.10,18.90,3666,25866.60,18623.95,24897.18
2023-02-27,Gujarat,8.30,37.70,3667,22860.69,16459.70,108046.70
2023-02-28,Gujarat,7.20,42.80,3662,19812.35,14264.89,85100.34
2023-03-01,Gujarat,8.50,32.60,3697,27725.13,19962.09,23049.65
2023-03-02,Gujarat,10.50,28.60,3630,32265.17,23230.92,34495.92
2023-03-03,Gujarat,4.50,18.60,3652,12736.53,9170.30,89100.34
2023-03-04,Gujarat,7.00,28.20,3643,18279.84,13161.48,48077.57
2023-03-05,Gujarat,6.20,43.30,3706,19684.16,14172.60,13543.90
2023-03-06,Gujarat,8.50,34.60,3616,21975.62,15822.45,17402.00
2023-03-07,Gujarat,8.10,30.10,3700,25171.42,18123.42,15354.40
2023-03-08,Gujarat,8.90,28.90,3643,25799.88,18575.91,92982.43
2023-03-09,Gujarat,9.20,21.80,3651,23956.61,17248.76,110803.67
2023-03-10,Gujarat,8.00,33.60,3712,24694.71,17780.19,45273.16
2023-03-11,Gujarat,6.30,21.90,3698,18422.13,13263.93,55491.62
2023-03-12,Gujarat,6.20,33.00,3689,20299.24,14615.45,110273.54
2023-03-13,Gujarat,8.30,29.50,3677,20223.75,14561.10,47885.63
2023-03-14,Gujarat,8.40,28.30,3681,22759.22,16386.64,55795.71
2023-03-15,Gujarat,5.40,28.20,3710,15931.85,11470.93,36506.50
2023-03-16,Gujarat,5.90,41.20,3632,18590.76,13385.35,110621.53
2023-03-17,Gujarat,7.90,44.10,3685,23088.27,16623.55,52726.10
2023-03-18,Gujarat,6.00,26.90,3624,19547.88,14074.47,103184.67
2023-03-19,Gujarat,5.10,37.60,3638,12318.14,8869.06,51488.48
2023-03-20,Gujarat,8.10,19.10,3623,20566.01,14807.53,93786.61
2023-03-21,Gujarat,8.80,33.10,3675,22844.98,16448.39,109773.61
2023-03-22,Gujarat,6.30,42.50,3641,20714.04,14914.11,115828.53
2023-03-23,Gujarat,5.20,45.00,3675,17139.74,12340.61,86518.89
2023-03-24,Gujarat,8.70,28.70,3644,25332.48,18239.39,95306.53
2023-03-25,Gujarat,6.80,32.40,3659,18244.74,13136.21,49560.91
2023-03-26,Gujarat,9.80,30.60,3706,28211.08,20311.98,102370.43
2023-03-27,Gujarat,10.00,28.00,3666,24281.50,17482.68,105049.33
2023-03-28,Gujarat,8.90,18.40,3684,29587.03,21302.66,73705.72
2023-03-29,Gujarat,7.00,22.10,3656,18224.19,13121.42,72676.85
2023-03-30,Gujarat,6.00,32.90,3701,16457.81,11849.62,93969.67
2023-03-31,Gujarat,7.40,37.50,3708,21470.10,15458.47,28505.70
2023-04-01,Gujarat,9.30,22.60,3706,27488.80,19791.94,30245.26
2023-04-02,Gujarat,9.80,44.70,3621,28085.77,20221.75,102297.53
2023-04-03,Gujarat,4.90,40.10,3620,15190.32,10937.03,55363.14
2023-04-04,Gujarat,9.60,24.20,3704,24562.96,17685.33,34059.16
2023-04-05,Gujarat,7.20,19.60,3695,22081.95,15899.00,77817.13
2023-04-06,Gujarat,7.40,31.20,3614,21226.33,15282.96,55247.24
2023-04-07,Gujarat,4.60,37.50,3682,15479.24,11145.05,11885.69
2023-04-08,Gujarat,9.40,36.20,3636,23203.53,16706.54,20594.53
2023-04-09,Gujarat,5.40,23.20,3681,14275.01,10278.01,48988.52
2023-04-10,Gujarat,9.30,20.10,3665,26379.00,18992.88,36752.87
2023-04-11,Gujarat,8.70,26.10,3624,26058.83,18762.36,104404.11
2023-04-12,Gujarat,9.10,20.50,3662,25054.33,18039.12,62360.56
2023-04-13,Gujarat,8.30,37.00,3624,23611.02,16999.93,57730.06
2023-04-14,Gujarat,9.20,33.30,3626,29742.85,21414.85,111106.74
2023-04-15,Gujarat,5.90,42.30,3702,19431.33,13990.56,62305.03
2023-04-16,Gujarat,4.80,20.00,3649,15637.82,11259.23,71986.09
2023-04-17,Gujarat,4.70,43.10,3654,11235.58,8089.62,32787.39
2023-04-18,Gujarat,5.40,40.20,3664,17822.79,12832.41,42920.46
2023-04-19,Gujarat,7.90,33.30,3663,24099.30,17351.50,69461.87
2023-04-20,Gujarat,6.80,38.00,3702,21284.89,15325.12,65087.21
2023-04-21,Gujarat,10.30,19.40,3669,26932.63,19391.49,18362.01
2023-04-22,Gujarat,8.10,34.60,3690,22629.26,16293.07,95091.04
2023-04-23,Gujarat,4.70,25.40,3671,13500.38,9720.27,49139.23
2023-04-24,Gujarat,10.10,29.70,3701,30210.08,21751.26,51808.00
2023-04-25,Gujarat,9.10,26.00,3645,27946.61,20121.56,19024.18
2023-04-26,Gujarat,5.40,37.20,3695,13800.59,9936.42,52858.42
2023-04-27,Gujarat,6.70,20.50,3653,18847.75,13570.38,93748.11
2023-04-28,Gujarat,5.10,20.40,3669,14430.39,10389.88,71021.40
2023-04-29,Gujarat,6.90,18.70,3659,20188.57,14535.77,75661.70
2023-04-30,Gujarat,9.20,41.30,3615,24238.39,17451.64,52657.95
2023-05-01,Gujarat,5.00,42.30,3645,14660.72,10555.72,28654.12
2023-05-02,Gujarat,6.80,21.70,3652,17941.53,12917.90,26052.83
2023-05-03,Gujarat,5.50,25.50,3652,15681.99,11291.03,18461.35
2023-05-04,Gujarat,6.00,24.70,3694,17373.62,12509.01,77833.57
2023-05-05,Gujarat,7.20,21.70,3614,23579.59,16977.30,46543.89
2023-05-06,Gujarat,8.20,39.70,3656,23049.81,16595.86,57367.78
2023-05-07,Gujarat,9.40,35.60,3690,23820.74,17150.93,45273.17
2023-05-08,Gujarat,10.20,23.40,3654,26013.60,18729.79,53806.35
2023-05-09,Gujarat,6.40,37.80,3695,18506.26,13324.51,73346.72
2023-05-10,Gujarat,6.00,28.20,3714,16848.76,12131.11,22527.66
2023-05-11,Gujarat,7.90,34.00,3683,20325.68,14634.49,94437.97
2023-05-12,Gujarat,4.70,37.60,3704,12301.15,8856.83,97745.41
2023-05-13,Gujarat,9.50,19.90,3666,28965.75,20855.34,25309.70
2023-05-14,Gujarat,6.30,24.80,3633,19297.10,13893.91,96798.44
2023-05-15,Gujarat,4.90,44.70,3675,14535.76,10465.75,68780.41
2023-05-16,Gujarat,10.00,41.50,3667,29218.08,21037.02,96979.30
2023-05-17,Gujarat,6.70,42.20,3682,19990.39,14393.08,110584.14
2023-05-18,Gujarat,5.20,24.70,3699,14346.32,10329.35,81169.98
2023-05-19,Gujarat,4.80,44.60,3700,14645.26,10544.59,116349.22
2023-05-20,Gujarat,6.50,39.50,3627,15391.22,11081.68,38461.22
2023-05-21,Gujarat,7.60,32.00,3688,23422.81,16864.42,34313.49
2023-05-22,Gujarat,6.70,30.50,3700,20053.11,14438.24,65051.24
2023-05-23,Gujarat,6.60,18.70,3627,17469.30,12577.90,111260.23
2023-05-24,Gujarat,5.00,40.40,3707,12756.76,9184.87,44307.94
2023-05-25,Gujarat,7.20,23.60,3675,19687.33,14174.88,20738.53
2023-05-26,Gujarat,8.80,30.20,3622,23301.87,16777.35,99120.45
2023-05-27,Gujarat,5.20,40.90,3696,13059.98,9403.19,98005.51
2023-05-28,Gujarat,10.10,38.00,3680,25909.90,18655.13,27614.93
2023-05-29,Gujarat,7.90,43.90,3643,24905.78,17932.16,79273.64
2023-05-30,Gujarat,5.60,35.70,3664,13498.68,9719.05,77551.76
2023-05-31,Gujarat,5.70,34.00,3663,13596.50,9789.48,33627.57
2023-06-01,Gujarat,6.20,37.00,3622,18097.25,13030.02,97945.26
2023-06-02,Gujarat,7.70,27.90,3639,21674.78,15605.84,38858.87
2023-06-03,Gujarat,9.70,32.20,3695,26329.85,18957.49,52750.32
2023-06-04,Gujarat,6.90,21.10,3659,22174.27,15965.47,77909.89
2023-06-05,Gujarat,9.40,37.10,3652,30828.78,22196.72,74918.52
2023-06-06,Gujarat,8.50,26.50,3644,22686.99,16334.63,30134.90
2023-06-07,Gujarat,8.70,31.80,3667,25874.37,18629.55,73228.66
2023-06-08,Gujarat,7.00,31.10,3682,21578.69,15536.66,80978.61
2023-06-09,Gujarat,10.50,33.00,3676,28098.78,20231.12,30580.84
2023-06-10,Gujarat,9.60,34.70,3659,31859.55,22938.88,63306.98
2023-06-11,Gujarat,5.70,28.40,3685,16519.37,11893.95,64446.68
2023-06-12,Gujarat,8.60,29.20,3670,24679.87,17769.51,19093.77
2023-06-13,Gujarat,4.70,38.50,3651,11305.29,8139.81,34732.78
2023-06-14,Gujarat,6.20,39.10,3686,19436.19,13994.06,94251.15
2023-06-15,Gujarat,7.80,21.10,3628,20440.78,14717.36,69741.68
2023-06-16,Gujarat,10.40,32.60,3710,25513.09,18369.42,89087.83
2023-06-17,Gujarat,7.80,44.70,3627,24010.71,17287.71,81903.89
2023-06-18,Gujarat,6.00,41.60,3618,16746.15,12057.23,48343.47
2023-06-19,Gujarat,9.40,29.90,3629,29317.07,21108.29,36064.07
2023-06-20,Gujarat,9.40,33.90,3658,30344.36,21847.94,77128.80
2023-06-21,Gujarat,7.10,34.60,3714,18611.19,13400.06,32763.70
2023-06-22,Gujarat,4.90,27.50,3649,14503.47,10442.50,28521.51
2023-06-23,Gujarat,10.40,25.90,3687,27691.95,19938.20,104381.85
2023-06-24,Gujarat,10.40,36.30,3626,25892.30,18642.46,92510.36
2023-06-25,Gujarat,7.00,19.60,3649,22582.64,16259.50,23957.70
2023-06-26,Gujarat,9.70,24.70,3705,26485.46,19069.53,37231.02
2023-06-27,Gujarat,9.60,28.60,3632,28099.65,20231.75,39558.89
2023-06-28,Gujarat,7.00,30.20,3695,22361.37,16100.19,94577.27
2023-06-29,Gujarat,6.90,38.20,3702,23061.22,16604.08,50597.83
2023-06-30,Gujarat,10.20,26.80,3614,32609.02,23478.49,103188.41
2023-07-01,Gujarat,5.10,44.20,3695,15628.10,11252.23,49404.50
2023-07-02,Gujarat,4.90,32.40,3641,16260.10,11707.27,100733.24
2023-07-03,Gujarat,7.50,26.70,3650,20290.18,14608.93,73572.70
2023-07-04,Gujarat,7.90,31.10,3657,25753.44,18542.48,93847.94
2023-07-05,Gujarat,4.80,34.90,3672,11534.12,8304.57,112237.62
2023-07-06,Gujarat,5.40,30.30,3668,13956.67,10048.80,85745.11
2023-07-07,Gujarat,5.30,35.50,3634,17066.35,12287.77,106425.45
2023-07-08,Gujarat,5.10,27.70,3624,13869.15,9985.79,109418.03
2023-07-09,Gujarat,5.50,28.70,3653,16997.75,12238.38,93075.54
2023-07-10,Gujarat,7.10,20.50,3626,16741.54,12053.91,62448.74
2023-07-11,Gujarat,5.30,24.10,3701,15107.08,10877.10,10886.88
2023-07-12,Gujarat,6.60,21.30,3668,20272.17,14595.96,62547.03
2023-07-13,Gujarat,5.90,20.40,3627,14505.82,10444.19,50431.79
2023-07-14,Gujarat,6.30,28.30,3710,20711.15,14912.03,80573.38
2023-07-15,Gujarat,8.60,19.80,3686,20677.27,14887.63,81502.22
2023-07-16,Gujarat,7.10,37.50,3694,22346.60,16089.55,111188.35
2023-07-17,Gujarat,8.20,29.90,3641,20105.34,14475.84,21051.16
2023-07-18,Gujarat,9.00,33.90,3663,24557.60,17681.47,57232.76
2023-07-19,Gujarat,9.20,24.70,3696,22875.56,16470.40,70873.63
2023-07-20,Gujarat,8.10,34.40,3713,27192.44,19578.56,12950.68
2023-07-21,Gujarat,9.60,41.60,3640,27598.50,19870.92,66047.48
2023-07-22,Gujarat,9.00,26.00,3620,28071.79,20211.69,97315.58
2023-07-23,Gujarat,5.90,28.40,3644,16874.76,12149.83,75332.27
2023-07-24,Gujarat,7.70,44.40,3660,25424.66,18305.76,24518.12
2023-07-25,Gujarat,9.70,33.30,3660,28313.42,20385.66,29004.73
2023-07-26,Gujarat,7.30,44.70,3623,17310.31,12463.42,17428.58
2023-07-27,Gujarat,6.10,19.10,3621,20014.99,14410.79,53777.25
2023-07-28,Gujarat,6.20,37.20,3712,17540.81,12629.38,87199.17
2023-07-29,Gujarat,5.00,32.50,3692,12759.99,9187.19,19195.68
2023-07-30,Gujarat,5.00,42.90,3633,14438.00,10395.36,52980.47
2023-07-31,Gujarat,8.30,40.50,3701,25301.18,18216.85,44118.64
2023-08-01,Gujarat,7.10,43.70,3644,17221.56,12399.52,19483.41
2023-08-02,Gujarat,7.10,30.20,3691,17423.33,12544.80,83268.75
2023-08-03,Gujarat,8.40,22.70,3615,25541.85,18390.13,87164.96
2023-08-04,Gujarat,5.50,43.70,3680,15982.52,11507.41,100475.76
2023-08-05,Gujarat,6.10,28.00,3709,19477.86,14024.06,39564.09
2023-08-06,Gujarat,9.80,38.80,3617,26246.54,18897.51,57225.70
2023-08-07,Gujarat,7.60,25.10,3687,22961.52,16532.29,64576.23
2023-08-08,Gujarat,7.60,19.50,3686,19471.08,14019.18,27304.10
2023-08-09,Gujarat,9.10,42.10,3700,28456.21,20488.47,35124.49
2023-08-10,Gujarat,7.60,19.20,3615,19672.18,14163.97,61894.10
2023-08-11,Gujarat,6.80,22.10,3618,19664.05,14158.12,110534.24
2023-08-12,Gujarat,8.90,29.30,3655,23324.66,16793.76,110744.02
2023-08-13,Gujarat,6.40,40.30,3687,17713.13,12753.45,65224.50
2023-08-14,Gujarat,9.90,22.80,3680,33334.61,24000.92,114948.73
2023-08-15,Gujarat,4.90,30.60,3650,15360.58,11059.62,44176.76
2023-08-16,Gujarat,5.00,30.30,3661,12890.04,9280.83,72018.74
2023-08-17,Gujarat,6.30,34.80,3673,17341.83,12486.12,116904.35
2023-08-18,Gujarat,10.50,38.90,3707,34763.34,25029.60,93653.04
2023-08-19,Gujarat,6.00,18.20,3666,14439.40,10396.37,69569.97
2023-08-20,Gujarat,8.30,36.70,3615,27207.10,19589.11,10160.82
2023-08-21,Gujarat,8.40,40.90,3707,22825.61,16434.44,32571.38
2023-08-22,Gujarat,10.40,29.30,3621,34366.72,24744.04,25661.08
2023-08-23,Gujarat,6.20,19.20,3643,20153.29,14510.37,67173.51
2023-08-24,Gujarat,8.70,28.10,3709,21714.10,15634.15,20513.47
2023-08-25,Gujarat,5.30,40.10,3623,15549.93,11195.95,16851.11
2023-08-26,Gujarat,8.50,21.50,3651,22358.63,16098.21,44650.98
2023-08-27,Gujarat,9.30,36.90,3708,25452.52,18325.81,59803.36
2023-08-28,Gujarat,5.90,43.50,3631,18436.18,13274.05,74317.88
2023-08-29,Gujarat,5.40,22.40,3673,14573.95,10493.24,23281.04
2023-08-30,Gujarat,6.60,38.80,3671,17765.45,12791.12,39150.87
2023-08-31,Gujarat,5.20,22.30,3701,14090.14,10144.90,87517.53
2023-09-01,Gujarat,8.10,23.80,3655,20429.20,14709.02,88227.31
2023-09-02,Gujarat,10.30,28.70,3620,31053.25,22358.34,38618.35
2023-09-03,Gujarat,10.40,18.80,3665,33570.38,24170.67,71154.91
2023-09-04,Gujarat,7.80,20.60,3627,24529.42,17661.18,25377.23
2023-09-05,Gujarat,4.60,40.40,3642,11480.85,8266.21,100604.08
2023-09-06,Gujarat,6.70,35.00,3696,16657.97,11993.74,74473.06
2023-09-07,Gujarat,10.00,20.00,3622,25476.88,18343.35,81058.56
2023-09-08,Gujarat,9.40,20.50,3656,23475.09,16902.06,113650.87
2023-09-09,Gujarat,4.80,43.00,3669,15354.41,11055.18,53449.86
2023-09-10,Gujarat,4.70,36.40,3636,12741.10,9173.59,109913.46
2023-09-11,Gujarat,6.10,30.00,3633,14612.17,10520.76,78109.42
2023-09-12,Gujarat,6.00,26.00,3666,19540.15,14068.91,62693.40
2023-09-13,Gujarat,5.00,28.30,3667,12905.16,9291.72,107311.78
2023-09-14,Gujarat,7.70,35.00,3683,24519.52,17654.05,118834.40
2023-09-15,Gujarat,9.20,27.70,3683,29173.36,21004.82,47843.75
2023-09-16,Gujarat,7.90,26.70,3648,20131.66,14494.80,45076.53
2023-09-17,Gujarat,5.80,42.20,3713,15631.51,11254.69,98951.93
2023-09-18,Gujarat,7.30,27.70,3688,24765.74,17831.33,117137.78
2023-09-19,Gujarat,5.10,35.70,3648,14774.00,10637.28,97036.09
2023-09-20,Gujarat,8.90,38.60,3642,26107.27,18797.23,118093.11
2023-09-21,Gujarat,6.80,43.30,3636,17246.71,12417.63,75177.15
2023-09-22,Gujarat,9.30,36.80,3689,22561.28,16244.12,87061.69
2023-09-23,Gujarat,10.20,33.20,3686,34065.30,24527.02,102036.65
2023-09-24,Gujarat,9.40,44.20,3683,25391.99,18282.23,63948.01
2023-09-25,Gujarat,5.00,24.30,3642,11934.48,8592.83,62578.79
2023-09-26,Gujarat,6.50,34.60,3630,17507.61,12605.48,29520.59
2023-09-27,Gujarat,9.30,41.40,3621,22088.18,15903.49,74527.01
2023-09-28,Gujarat,10.00,38.90,3681,32480.44,23385.92,115661.46
2023-09-29,Gujarat,6.70,43.40,3664,19840.94,14285.48,47021.72
2023-09-30,Gujarat,6.40,44.30,3707,21498.16,15478.68,97102.68
2023-10-01,Gujarat,10.30,35.50,3636,31493.85,22675.57,71817.50
2023-10-02,Gujarat,9.80,34.60,3659,25469.15,18337.79,74784.52
2023-10-03,Gujarat,5.60,26.30,3702,15123.82,10889.15,29547.91
2023-10-04,Gujarat,4.50,37.00,3687,12538.73,9027.89,119371.14
2023-10-05,Gujarat,10.30,18.90,3691,27977.64,20143.90,98968.76
2023-10-06,Gujarat,8.20,35.30,3627,26853.68,19334.65,25470.77
2023-10-07,Gujarat,9.00,24.40,3654,22866.61,16463.96,107385.23
2023-10-08,Gujarat,5.00,37.10,3695,15646.61,11265.56,46932.44
2023-10-09,Gujarat,4.60,23.70,3702,11380.69,8194.10,38232.37
2023-10-10,Gujarat,5.10,18.00,3663,14353.21,10334.31,56161.86
2023-10-11,Gujarat,5.50,29.20,3662,15001.67,10801.20,51288.23
2023-10-12,Gujarat,9.50,39.30,3687,28923.55,20824.96,85587.64
2023-10-13,Gujarat,5.50,20.00,3618,14518.81,10453.54,45058.86
2023-10-14,Gujarat,10.20,20.00,3635,32988.94,23752.04,27699.49
2023-10-15,Gujarat,5.00,43.40,3625,13435.10,9673.27,118380.37
2023-10-16,Gujarat,9.90,37.00,3669,32852.77,23653.99,28149.69
2023-10-17,Gujarat,9.80,22.20,3626,26274.27,18917.47,117183.83
2023-10-18,Gujarat,7.00,33.00,3707,20651.09,14868.78,82665.77
2023-10-19,Gujarat,6.30,20.60,3664,18567.61,13368.68,102384.00
2023-10-20,Gujarat,5.40,27.70,3668,13343.31,9607.18,100628.70
2023-10-21,Gujarat,8.30,31.00,3626,19771.39,14235.40,28791.54
2023-10-22,Gujarat,6.30,20.20,3628,16759.58,12066.90,53721.41
2023-10-23,Gujarat,7.40,35.80,3625,22085.13,15901.29,52627.98
2023-10-24,Gujarat,6.70,28.30,3637,18772.04,13515.87,38962.56
2023-10-25,Gujarat,7.30,24.10,3648,21366.81,15384.10,26624.37
2023-10-26,Gujarat,8.70,20.60,3699,23905.03,17211.62,69559.39
2023-10-27,Gujarat,10.30,33.90,3684,25289.17,18208.20,52581.67
2023-10-28,Gujarat,7.60,44.10,3701,24866.52,17903.89,62230.68
2023-10-29,Gujarat,9.80,30.90,3624,26870.70,19346.90,103933.38
2023-10-30,Gujarat,4.70,33.40,3680,14980.44,10785.92,84528.84
2023-10-31,Gujarat,8.20,21.20,3710,23462.69,16893.14,114396.76
2023-11-01,Gujarat,5.50,23.70,3638,13687.56,9855.04,56571.24
2023-11-02,Gujarat,10.40,29.80,3694,26505.34,19083.84,75455.24
2023-11-03,Gujarat,6.40,37.60,3622,15612.21,11240.79,71200.06
2023-11-04,Gujarat,7.80,41.10,3680,22208.35,15990.01,106081.29
2023-11-05,Gujarat,9.20,34.80,3680,29151.88,20989.35,22377.07
2023-11-06,Gujarat,5.40,33.30,3688,17022.75,12256.38,113361.50
2023-11-07,Gujarat,10.00,33.20,3626,31261.61,22508.36,105422.28
2023-11-08,Gujarat,9.80,41.70,3647,26927.74,19387.97,63414.33
2023-11-09,Gujarat,8.20,19.00,3649,22704.75,16347.42,78006.89
2023-11-10,Gujarat,8.60,28.80,3664,28050.09,20196.06,46464.35
2023-11-11,Gujarat,5.90,38.10,3648,19202.97,13826.14,12225.62
2023-11-12,Gujarat,9.40,26.20,3649,30101.13,21672.81,104405.83
2023-11-13,Gujarat,8.60,44.30,3643,21501.14,15480.82,117164.14
2023-11-14,Gujarat,7.20,40.30,3648,22241.08,16013.58,76547.70
2023-11-15,Gujarat,5.00,29.90,3666,15581.51,11218.69,93544.26
2023-11-16,Gujarat,9.70,40.20,3679,30822.34,22192.08,17217.87
2023-11-17,Gujarat,8.80,28.90,3713,28748.56,20698.96,106726.59
2023-11-18,Gujarat,4.70,23.20,3639,14982.21,10787.19,37443.93
2023-11-19,Gujarat,7.20,42.80,3704,18768.43,13513.27,50518.71
2023-11-20,Gujarat,7.30,28.70,3629,22091.88,15906.15,36613.19
2023-11-21,Gujarat,7.40,30.00,3674,21980.02,15825.61,48473.59
2023-11-22,Gujarat,5.50,42.20,3709,17836.00,12841.92,19943.11
2023-11-23,Gujarat,4.70,19.30,3687,14912.46,10736.97,33575.04
2023-11-24,Gujarat,5.80,24.10,3640,15256.64,10984.78,55045.79
2023-11-25,Gujarat,4.60,39.10,3712,14244.03,10255.70,62150.69
2023-11-26,Gujarat,5.30,22.70,3615,13611.25,9800.10,76917.83
2023-11-27,Gujarat,10.20,37.20,3704,31114.00,22402.08,56618.75
2023-11-28,Gujarat,6.80,27.40,3646,17576.02,12654.73,43235.96
2023-11-29,Gujarat,7.60,34.80,3688,18993.00,13674.96,66266.51
2023-11-30,Gujarat,8.50,40.80,3661,24944.38,17959.95,75314.98
2023-12-01,Gujarat,6.20,36.50,3675,15202.97,10946.14,118719.71
2023-12-02,Gujarat,8.30,41.30,3647,25037.98,18027.35,114740.66
2023-12-03,Gujarat,8.40,23.10,3680,26481.63,19066.77,108965.57
2023-12-04,Gujarat,9.30,39.70,3690,26050.26,18756.19,45154.43
2023-12-05,Gujarat,5.30,18.70,3677,17915.73,12899.33,38536.89
2023-12-06,Gujarat,7.00,28.50,3618,20448.63,14723.01,119422.91
2023-12-07,Gujarat,9.40,27.30,3705,24728.50,17804.52,68809.86
2023-12-08,Gujarat,9.20,42.50,3699,25414.00,18298.08,43021.43
2023-12-09,Gujarat,5.50,35.80,3685,14165.09,10198.86,20736.34
2023-12-10,Gujarat,5.30,25.00,3685,16717.87,12036.87,30137.52
2023-12-11,Gujarat,8.60,27.10,3625,22134.51,15936.85,34566.07
2023-12-12,Gujarat,9.70,29.40,3656,26609.96,19159.17,74412.78
2023-12-13,Gujarat,7.30,21.20,3620,23358.63,16818.21,74193.21
2023-12-14,Gujarat,10.20,19.90,3638,29134.25,20976.66,105424.75
2023-12-15,Gujarat,6.80,26.10,3620,21788.34,15687.60,26585.63
2023-12-16,Gujarat,10.50,27.30,3686,34487.01,24830.65,118531.42
2023-12-17,Gujarat,5.40,41.30,3637,16896.40,12165.41,63633.89
2023-12-18,Gujarat,8.30,22.80,3695,20414.91,14698.74,59725.86
2023-12-19,Gujarat,5.80,38.90,3687,18314.00,13186.08,63853.48
2023-12-20,Gujarat,9.10,20.40,3692,25772.48,18556.19,57235.07
2023-12-21,Gujarat,7.10,30.90,3614,16939.97,12196.78,31935.57
2023-12-22,Gujarat,6.70,18.40,3655,20921.72,15063.64,68413.72
2023-12-23,Gujarat,4.60,18.10,3707,12229.54,8805.27,86287.72
2023-12-24,Gujarat,6.60,21.50,3663,18999.78,13679.84,43672.66
2023-12-25,Gujarat,4.90,19.20,3651,13830.68,9958.09,67231.73
2023-12-26,Gujarat,7.60,29.70,3701,25843.01,18606.97,47700.61
2023-12-27,Gujarat,9.90,27.70,3638,25013.92,18010.02,109758.37
2023-12-28,Gujarat,9.40,18.50,3642,28974.13,20861.37,24432.64
2023-12-29,Gujarat,8.90,33.90,3635,22104.28,15915.08,88222.11
2023-12-30,Gujarat,9.30,28.10,3695,24709.52,17790.85,68820.68
2023-12-31,Gujarat,4.80,44.90,3698,12055.91,8680.26,101973.20
2023-01-01,"Tamil Nadu",8.60,29.30,893,5248.15,3778.67,37801.21
2023-01-02,"Tamil Nadu",8.70,23.50,932,6650.38,4788.27,43122.81
2023-01-03,"Tamil Nadu",8.50,35.90,879,6112.85,4401.25,87079.90
2023-01-04,"Tamil Nadu",7.00,42.30,910,5376.71,3871.23,22950.80
2023-01-05,"Tamil Nadu",5.20,20.90,870,3684.48,2652.83,95575.48
2023-01-06,"Tamil Nadu",9.50,44.30,890,7101.59,5113.14,42488.63
2023-01-07,"Tamil Nadu",4.70,31.40,871,3421.58,2463.54,62873.03
2023-01-08,"Tamil Nadu",5.90,18.30,856,4519.39,3253.96,101875.54
2023-01-09,"Tamil Nadu",8.50,22.00,856,6260.79,4507.77,18255.30
2023-01-10,"Tamil Nadu",8.80,42.40,927,5811.58,4184.34,118753.25
2023-01-11,"Tamil Nadu",6.30,30.50,857,4694.83,3380.28,106155.45
2023-01-12,"Tamil Nadu",9.60,27.70,931,6564.05,4726.12,91239.42
2023-01-13,"Tamil Nadu",5.10,38.50,850,2829.07,2036.93,25223.39
2023-01-14,"Tamil Nadu",8.40,26.90,901,6871.15,4947.23,39514.03
2023-01-15,"Tamil Nadu",8.90,28.10,888,5527.30,3979.66,54085.53
2023-01-16,"Tamil Nadu",10.30,25.30,894,7700.58,5544.42,62606.95
2023-01-17,"Tamil Nadu",7.00,41.90,866,4125.34,2970.24,86578.69
2023-01-18,"Tamil Nadu",4.90,43.40,865,2873.71,2069.07,110234.94
2023-01-19,"Tamil Nadu",7.40,33.40,901,4660.11,3355.28,51772.59
2023-01-20,"Tamil Nadu",6.70,18.80,932,5542.45,3990.56,90000.65
2023-01-21,"Tamil Nadu",9.90,31.00,907,6110.35,4399.45,55241.27
2023-01-22,"Tamil Nadu",4.80,25.10,885,2775.38,1998.27,105516.55
2023-01-23,"Tamil Nadu",7.60,38.10,937,5715.14,4114.90,117568.51
2023-01-24,"Tamil Nadu",8.50,27.10,911,6472.21,4659.99,78006.29
2023-01-25,"Tamil Nadu",7.10,37.60,906,4781.69,3442.82,84392.51
2023-01-26,"Tamil Nadu",6.80,40.70,916,5548.97,3995.26,77420.54
2023-01-27,"Tamil Nadu",4.60,43.20,909,3676.24,2646.89,103705.83
2023-01-28,"Tamil Nadu",9.70,20.00,907,6480.28,4665.80,46398.43
2023-01-29,"Tamil Nadu",6.20,31.70,915,4672.83,3364.44,54360.47
2023-01-30,"Tamil Nadu",5.90,30.40,918,4175.82,3006.59,104224.81
2023-01-31,"Tamil Nadu",7.20,21.20,908,5564.90,4006.73,11954.60
2023-02-01,"Tamil Nadu",6.90,19.00,915,4104.06,2954.92,19998.51
2023-02-02,"Tamil Nadu",8.10,34.70,883,6367.91,4584.90,71856.58
2023-02-03,"Tamil Nadu",8.40,30.30,888,5580.25,4017.78,15970.27
2023-02-04,"Tamil Nadu",5.80,30.30,916,4554.15,3278.99,75994.63
2023-02-05,"Tamil Nadu",8.80,27.80,902,5403.81,3890.74,93525.19
2023-02-06,"Tamil Nadu",5.80,27.20,926,4889.56,3520.48,42118.19
2023-02-07,"Tamil Nadu",7.60,37.00,850,5763.33,4149.60,64166.44
2023-02-08,"Tamil Nadu",9.40,38.00,897,5724.18,4121.41,77193.69
2023-02-09,"Tamil Nadu",5.60,43.10,895,3549.54,2555.67,100700.96
2023-02-10,"Tamil Nadu",5.60,27.10,941,4014.95,2890.76,111928.92
2023-02-11,"Tamil Nadu",9.50,33.90,943,7980.00,5745.60,60312.67
2023-02-12,"Tamil Nadu",8.00,31.60,908,4730.11,3405.68,90983.53
2023-02-13,"Tamil Nadu",7.80,29.70,919,5594.00,4027.68,65916.62
2023-02-14,"Tamil Nadu",10.00,22.80,919,6404.38,4611.15,99676.86
2023-02-15,"Tamil Nadu",5.10,35.80,922,4177.10,3007.51,65452.11
2023-02-16,"Tamil Nadu",6.80,44.40,933,5429.80,3909.46,40095.55
2023-02-17,"Tamil Nadu",10.30,44.20,902,8057.69,5801.54,25199.80
2023-02-18,"Tamil Nadu",8.10,41.90,910,5386.04,3877.95,87164.37
2023-02-19,"Tamil Nadu",9.70,37.20,915,7284.99,5245.19,32097.80
2023-02-20,"Tamil Nadu",8.20,25.80,889,6551.50,4717.08,24593.89
2023-02-21,"Tamil Nadu",8.80,44.30,867,5997.26,4318.03,86374.32
2023-02-22,"Tamil Nadu",6.40,21.10,890,4567.14,3288.34,74108.69
2023-02-23,"Tamil Nadu",10.20,37.20,931,8090.05,5824.84,102552.82
2023-02-24,"Tamil Nadu",6.20,40.90,846,4149.67,2987.76,12779.94
2023-02-25,"Tamil Nadu",5.40,36.10,870,3392.35,2442.49,96408.54
2023-02-26,"Tamil Nadu",10.40,36.50,863,7867.96,5664.93,85965.43
2023-02-27,"Tamil Nadu",6.30,38.30,849,3994.65,2876.15,59785.40
2023-02-28,"Tamil Nadu",8.20,36.20,916,6636.20,4778.06,91665.40
2023-03-01,"Tamil Nadu",7.90,24.40,945,6458.74,4650.29,86574.13
2023-03-02,"Tamil Nadu",8.70,19.30,893,5862.87,4221.27,115237.22
2023-03-03,"Tamil Nadu",10.40,26.40,915,6323.64,4553.02,91803.70
2023-03-04,"Tamil Nadu",5.70,41.50,901,4489.09,3232.14,110263.50
2023-03-05,"Tamil Nadu",8.70,35.50,941,6621.93,4767.79,91229.50
2023-03-06,"Tamil Nadu",5.70,37.60,869,3613.08,2601.42,29516.85
2023-03-07,"Tamil Nadu",8.60,23.00,867,6326.37,4554.99,23128.92
2023-03-08,"Tamil Nadu",4.70,25.50,878,2827.21,2035.59,74238.47
2023-03-09,"Tamil Nadu",6.00,26.90,935,5066.52,3647.89,14393.46
2023-03-10,"Tamil Nadu",10.10,34.10,944,8597.58,6190.26,77716.95
2023-03-11,"Tamil Nadu",8.50,31.20,918,6231.03,4486.34,18016.89
2023-03-12,"Tamil Nadu",8.70,32.20,868,5970.02,4298.41,96488.41
2023-03-13,"Tamil Nadu",5.50,32.70,896,3325.54,2394.39,34331.79
2023-03-14,"Tamil Nadu",5.80,27.00,891,3768.70,2713.46,114533.91
2023-03-15,"Tamil Nadu",8.20,30.80,916,6552.74,4717.97,117924.65
2023-03-16,"Tamil Nadu",4.60,36.10,902,2966.24,2135.69,80649.08
2023-03-17,"Tamil Nadu",10.00,24.60,850,7091.46,5105.85,45303.07
2023-03-18,"Tamil Nadu",10.00,43.50,894,6430.36,4629.86,89637.32
2023-03-19,"Tamil Nadu",4.60,32.00,943,3258.72,2346.28,98309.84
2023-03-20,"Tamil Nadu",7.20,19.20,928,4690.34,3377.04,66528.42
2023-03-21,"Tamil Nadu",10.20,22.50,943,7649.22,5507.44,10806.36
2023-03-22,"Tamil Nadu",4.90,36.10,944,3272.88,2356.47,85394.57
2023-03-23,"Tamil Nadu",9.50,23.60,934,7872.41,5668.14,91551.25
2023-03-24,"Tamil Nadu",7.10,40.10,854,5163.96,3718.05,26913.00
2023-03-25,"Tamil Nadu",7.30,27.00,856,4185.30,3013.42,29579.14
2023-03-26,"Tamil Nadu",6.00,19.90,874,4698.45,3382.88,54839.61
2023-03-27,"Tamil Nadu",7.20,28.90,885,4170.86,3003.02,84062.86
2023-03-28,"Tamil Nadu",7.70,35.30,924,4746.10,3417.19,92054.61
2023-03-29,"Tamil Nadu",4.80,40.90,890,3847.25,2770.02,21674.91
2023-03-30,"Tamil Nadu",9.20,26.10,856,5717.47,4116.58,111936.00
2023-03-31,"Tamil Nadu",6.80,40.20,848,4486.12,3230.01,68681.45
2023-04-01,"Tamil Nadu",5.30,28.60,914,3534.54,2544.87,79745.02
2023-04-02,"Tamil Nadu",6.30,41.90,938,4874.92,3509.94,115313.08
2023-04-03,"Tamil Nadu",4.60,41.60,863,2712.46,1952.97,10553.28
2023-04-04,"Tamil Nadu",8.10,32.50,855,5071.31,3651.34,92312.62
2023-04-05,"Tamil Nadu",9.90,27.30,897,7943.60,5719.39,103660.47
2023-04-06,"Tamil Nadu",5.40,23.00,923,4363.08,3141.42,31375.88
2023-04-07,"Tamil Nadu",5.60,39.60,851,4193.13,3019.05,112560.69
2023-04-08,"Tamil Nadu",10.50,30.50,915,6434.61,4632.92,83885.38
2023-04-09,"Tamil Nadu",6.00,23.30,919,4309.42,3102.78,46393.60
2023-04-10,"Tamil Nadu",5.30,35.70,857,3302.05,2377.48,17678.98
2023-04-11,"Tamil Nadu",5.70,31.10,887,4127.70,2971.94,43624.30
2023-04-12,"Tamil Nadu",8.00,33.30,891,6187.67,4455.12,115452.48
2023-04-13,"Tamil Nadu",5.50,26.50,945,3689.25,2656.26,91379.78
2023-04-14,"Tamil Nadu",7.10,40.70,862,5101.10,3672.79,46471.92
2023-04-15,"Tamil Nadu",7.40,30.00,944,5116.79,3684.09,70683.90
2023-04-16,"Tamil Nadu",5.60,34.40,880,4345.77,3128.95,25400.18
2023-04-17,"Tamil Nadu",7.70,25.10,925,4776.67,3439.20,18294.00
2023-04-18,"Tamil Nadu",4.60,31.70,848,3391.41,2441.82,73679.09
2023-04-19,"Tamil Nadu",9.10,23.70,849,6172.46,4444.17,69781.63
2023-04-20,"Tamil Nadu",10.50,30.70,944,6840.58,4925.22,53174.82
2023-04-21,"Tamil Nadu",9.80,33.90,882,5930.79,4270.17,65123.55
2023-04-22,"Tamil Nadu",5.00,27.80,846,3506.35,2524.57,103278.00
2023-04-23,"Tamil Nadu",9.30,34.60,866,6881.53,4954.70,25440.78
2023-04-24,"Tamil Nadu",5.50,33.30,917,4176.23,3006.89,116450.91
2023-04-25,"Tamil Nadu",8.90,31.10,890,5235.09,3769.26,93761.96
2023-04-26,"Tamil Nadu",5.90,25.10,874,3411.39,2456.20,32745.15
2023-04-27,"Tamil Nadu",9.90,27.80,905,8044.14,5791.78,106970.72
2023-04-28,"Tamil Nadu",4.70,35.50,858,3387.42,2438.94,67351.02
2023-04-29,"Tamil Nadu",9.50,40.50,878,6724.77,4841.83,72717.62
2023-04-30,"Tamil Nadu",6.80,28.20,920,5169.96,3722.37,101901.60
2023-05-01,"Tamil Nadu",7.60,28.20,873,5237.65,3771.11,48818.78
2023-05-02,"Tamil Nadu",9.70,31.10,906,7817.42,5628.54,10725.75
2023-05-03,"Tamil Nadu",9.80,29.90,874,5745.65,4136.87,80782.47
2023-05-04,"Tamil Nadu",5.80,23.00,891,4199.07,3023.33,99865.06
2023-05-05,"Tamil Nadu",8.50,29.20,887,6366.87,4584.15,62966.83
2023-05-06,"Tamil Nadu",7.40,23.70,865,5279.29,3801.09,55198.91
2023-05-07,"Tamil Nadu",6.00,21.50,920,3828.15,2756.27,79249.45
2023-05-08,"Tamil Nadu",4.70,33.50,852,2782.71,2003.55,111469.16
2023-05-09,"Tamil Nadu",7.60,28.90,917,5729.78,4125.44,106635.99
2023-05-10,"Tamil Nadu",8.90,40.20,855,5391.18,3881.65,76717.85
2023-05-11,"Tamil Nadu",7.30,31.00,873,5571.18,4011.25,76092.26
2023-05-12,"Tamil Nadu",9.30,40.20,868,6605.38,4755.87,66188.54
2023-05-13,"Tamil Nadu",5.50,36.50,903,4028.15,2900.27,17572.72
2023-05-14,"Tamil Nadu",6.80,21.60,847,4058.41,2922.06,104555.09
2023-05-15,"Tamil Nadu",7.50,29.30,864,5271.40,3795.41,29516.44
2023-05-16,"Tamil Nadu",9.90,34.20,945,7423.46,5344.89,92762.15
2023-05-17,"Tamil Nadu",5.10,35.80,922,3741.10,2693.59,10132.02
2023-05-18,"Tamil Nadu",10.10,36.30,900,7189.75,5176.62,50741.52
2023-05-19,"Tamil Nadu",4.80,32.30,874,3789.83,2728.68,63033.58
2023-05-20,"Tamil Nadu",9.10,27.50,939,7648.73,5507.09,102090.96
2023-05-21,"Tamil Nadu",8.00,29.50,877,5464.26,3934.27,35576.42
2023-05-22,"Tamil Nadu",9.70,25.60,914,6740.97,4853.50,30792.31
2023-05-23,"Tamil Nadu",8.80,39.30,918,6390.71,4601.31,67173.80
2023-05-24,"Tamil Nadu",6.80,23.50,885,4576.02,3294.73,21724.15
2023-05-25,"Tamil Nadu",7.10,33.80,878,5491.00,3953.52,56591.77
2023-05-26,"Tamil Nadu",6.70,25.40,932,4728.96,3404.85,32406.30
2023-05-27,"Tamil Nadu",7.80,33.10,867,5071.66,3651.60,71040.25
2023-05-28,"Tamil Nadu",6.00,26.30,889,4582.08,3299.10,53794.27
2023-05-29,"Tamil Nadu",5.30,41.30,860,3883.01,2795.77,59125.44
2023-05-30,"Tamil Nadu",8.70,22.40,872,5972.41,4300.14,96468.92
2023-05-31,"Tamil Nadu",9.30,34.60,932,7288.01,5247.37,27681.18
2023-06-01,"Tamil Nadu",10.30,18.10,856,7690.71,5537.31,61883.55
2023-06-02,"Tamil Nadu",8.10,20.40,878,5048.51,3634.93,18804.37
2023-06-03,"Tamil Nadu",4.70,28.40,896,3435.37,2473.47,67310.61
2023-06-04,"Tamil Nadu",8.80,34.10,944,7239.41,5212.38,80432.04
2023-06-05,"Tamil Nadu",7.10,23.40,929,5944.92,4280.34,66996.86
2023-06-06,"Tamil Nadu",5.70,39.20,910,4093.94,2947.64,35483.81
2023-06-07,"Tamil Nadu",5.50,19.00,875,3979.24,2865.05,117321.05
2023-06-08,"Tamil Nadu",5.00,25.50,896,3339.14,2404.18,53465.74
2023-06-09,"Tamil Nadu",8.00,32.00,939,6309.91,4543.14,111109.52
2023-06-10,"Tamil Nadu",7.80,37.60,916,6409.26,4614.67,48290.48
2023-06-11,"Tamil Nadu",10.30,25.50,922,8642.15,6222.35,60023.49
2023-06-12,"Tamil Nadu",6.90,18.10,867,4546.11,3273.20,21711.15
2023-06-13,"Tamil Nadu",4.90,25.90,859,3648.42,2626.86,115238.03
2023-06-14,"Tamil Nadu",9.80,40.00,918,6455.26,4647.79,58704.55
2023-06-15,"Tamil Nadu",6.80,31.10,876,5090.19,3664.94,115736.26
2023-06-16,"Tamil Nadu",7.30,30.40,920,5928.52,4268.53,63016.72
2023-06-17,"Tamil Nadu",6.00,28.30,945,5207.52,3749.41,84460.43
2023-06-18,"Tamil Nadu",5.90,26.50,890,4145.43,2984.71,11069.55
2023-06-19,"Tamil Nadu",9.50,24.70,856,6161.71,4436.43,92366.69
2023-06-20,"Tamil Nadu",6.60,33.00,867,4455.71,3208.11,48889.17
2023-06-21,"Tamil Nadu",9.90,25.30,940,7765.29,5591.01,110092.02
2023-06-22,"Tamil Nadu",7.50,23.40,939,5037.89,3627.28,39194.59
2023-06-23,"Tamil Nadu",5.90,40.50,924,4067.59,2928.66,95683.23
2023-06-24,"Tamil Nadu",5.20,20.10,929,3782.61,2723.48,10728.60
2023-06-25,"Tamil Nadu",9.60,43.90,906,6525.14,4698.10,44695.86
2023-06-26,"Tamil Nadu",9.90,41.80,918,8039.13,5788.17,63988.59
2023-06-27,"Tamil Nadu",10.40,42.70,880,6931.98,4991.03,92518.63
2023-06-28,"Tamil Nadu",5.30,32.20,899,3712.40,2672.93,69484.47
2023-06-29,"Tamil Nadu",7.50,28.60,932,6007.86,4325.66,60291.56
2023-06-30,"Tamil Nadu",5.20,32.00,885,3847.67,2770.32,11300.20
2023-07-01,"Tamil Nadu",5.80,33.70,886,3841.93,2766.19,104802.62
2023-07-02,"Tamil Nadu",5.60,25.10,879,3826.00,2754.72,77439.24
2023-07-03,"Tamil Nadu",6.70,31.50,871,4453.54,3206.55,92741.53
2023-07-04,"Tamil Nadu",6.70,28.80,902,4221.74,3039.65,24425.31
2023-07-05,"Tamil Nadu",8.00,24.20,857,5790.72,4169.32,98449.63
2023-07-06,"Tamil Nadu",7.80,41.10,870,4678.12,3368.25,115506.27
2023-07-07,"Tamil Nadu",5.40,39.80,867,3576.01,2574.73,24791.89
2023-07-08,"Tamil Nadu",9.90,35.00,913,7633.65,5496.23,96386.62
2023-07-09,"Tamil Nadu",6.30,33.20,917,3829.53,2757.26,20887.23
2023-07-10,"Tamil Nadu",5.50,23.80,877,3755.89,2704.24,79284.84
2023-07-11,"Tamil Nadu",7.20,27.00,891,4793.97,3451.66,71324.06
2023-07-12,"Tamil Nadu",9.40,27.30,897,5756.68,4144.81,105410.54
2023-07-13,"Tamil Nadu",10.30,23.40,918,7805.09,5619.66,69228.21
2023-07-14,"Tamil Nadu",10.40,25.70,886,7664.19,5518.22,63624.31
2023-07-15,"Tamil Nadu",8.90,42.00,893,6482.85,4667.65,61012.73
2023-07-16,"Tamil Nadu",10.20,41.40,926,8199.22,5903.44,47112.71
2023-07-17,"Tamil Nadu",8.30,33.40,854,4758.74,3426.29,47798.80
2023-07-18,"Tamil Nadu",6.40,35.60,935,4321.75,3111.66,80910.87
2023-07-19,"Tamil Nadu",6.10,30.00,891,4630.33,3333.84,67302.93
2023-07-20,"Tamil Nadu",7.20,22.50,847,4169.85,3002.29,35808.99
2023-07-21,"Tamil Nadu",6.00,38.10,940,3787.92,2727.30,28360.15
2023-07-22,"Tamil Nadu",5.10,19.70,905,3683.52,2652.13,12900.14
2023-07-23,"Tamil Nadu",6.90,38.70,855,4000.22,2880.16,77991.24
2023-07-24,"Tamil Nadu",5.00,43.20,894,3278.88,2360.79,37213.62
2023-07-25,"Tamil Nadu",6.20,34.90,861,4229.03,3044.90,28766.88
2023-07-26,"Tamil Nadu",4.70,27.60,886,3678.43,2648.47,61391.28
2023-07-27,"Tamil Nadu",9.70,43.20,915,6835.09,4921.26,116649.65
2023-07-28,"Tamil Nadu",8.70,22.80,921,6195.95,4461.08,92380.28
2023-07-29,"Tamil Nadu",9.80,29.70,926,7465.59,5375.22,44062.75
2023-07-30,"Tamil Nadu",6.60,32.60,856,4346.25,3129.30,50236.17
2023-07-31,"Tamil Nadu",6.10,26.20,845,4078.73,2936.69,93412.28
2023-08-01,"Tamil Nadu",5.30,25.70,913,3156.15,2272.43,111429.72
2023-08-02,"Tamil Nadu",10.20,30.90,846,7393.37,5323.23,97776.13
2023-08-03,"Tamil Nadu",8.10,39.50,915,5565.18,4006.93,55290.95
2023-08-04,"Tamil Nadu",7.90,28.70,865,5760.87,4147.83,81058.99
2023-08-05,"Tamil Nadu",9.50,24.00,855,6205.63,4468.05,36351.80
2023-08-06,"Tamil Nadu",9.10,42.60,933,7088.15,5103.47,41314.45
2023-08-07,"Tamil Nadu",9.00,39.80,897,5657.24,4073.21,17531.03
2023-08-08,"Tamil Nadu",5.30,21.00,903,3909.06,2814.52,39934.75
2023-08-09,"Tamil Nadu",8.20,23.10,847,4799.83,3455.88,116668.78
2023-08-10,"Tamil Nadu",4.60,44.30,881,2928.74,2108.69,88671.55
2023-08-11,"Tamil Nadu",8.90,24.30,864,5028.81,3620.74,33890.69
2023-08-12,"Tamil Nadu",7.00,39.20,908,5844.03,4207.70,61005.29
2023-08-13,"Tamil Nadu",9.20,26.90,941,7851.59,5653.14,16164.22
2023-08-14,"Tamil Nadu",9.20,19.90,905,5820.15,4190.51,108526.89
2023-08-15,"Tamil Nadu",6.00,28.30,846,3466.55,2495.92,94496.02
2023-08-16,"Tamil Nadu",6.00,38.80,901,3874.66,2789.76,119398.90
2023-08-17,"Tamil Nadu",5.70,37.90,857,3862.53,2781.02,118032.74
2023-08-18,"Tamil Nadu",7.30,36.40,884,5825.81,4194.58,27447.26
2023-08-19,"Tamil Nadu",8.90,38.10,915,6438.66,4635.84,37864.40
2023-08-20,"Tamil Nadu",8.30,23.40,851,6238.22,4491.52,33956.71
2023-08-21,"Tamil Nadu",5.20,35.10,886,3013.42,2169.66,97382.94
2023-08-22,"Tamil Nadu",8.00,28.70,876,4572.10,3291.91,14619.27
2023-08-23,"Tamil Nadu",9.20,30.80,921,5862.16,4220.76,94787.67
2023-08-24,"Tamil Nadu",6.00,31.50,932,4568.85,3289.57,112393.37
2023-08-25,"Tamil Nadu",10.50,34.90,852,6673.62,4805.01,26931.03
2023-08-26,"Tamil Nadu",7.70,20.90,907,4978.28,3584.36,117984.33
2023-08-27,"Tamil Nadu",9.20,38.40,901,7028.92,5060.82,12348.81
2023-08-28,"Tamil Nadu",6.80,37.60,877,5323.34,3832.80,63383.23
2023-08-29,"Tamil Nadu",7.10,26.00,934,5187.91,3735.30,72337.19
2023-08-30,"Tamil Nadu",7.80,26.70,904,5107.45,3677.36,101448.46
2023-08-31,"Tamil Nadu",10.00,33.00,853,6767.76,4872.79,59432.26
2023-09-01,"Tamil Nadu",9.40,32.60,903,5518.98,3973.67,80182.87
2023-09-02,"Tamil Nadu",6.80,23.00,847,4707.48,3389.39,50048.27
2023-09-03,"Tamil Nadu",8.20,26.70,853,5789.70,4168.58,69285.22
2023-09-04,"Tamil Nadu",6.80,32.10,908,5289.91,3808.74,26954.47
2023-09-05,"Tamil Nadu",6.20,29.10,886,3734.42,2688.78,67552.06
2023-09-06,"Tamil Nadu",4.90,40.60,861,2945.77,2120.95,13440.11
2023-09-07,"Tamil Nadu",5.10,23.20,849,3481.99,2507.03,101992.95
2023-09-08,"Tamil Nadu",8.40,32.20,934,6350.08,4572.06,15399.42
2023-09-09,"Tamil Nadu",5.80,37.40,846,4421.80,3183.70,32961.19
2023-09-10,"Tamil Nadu",7.40,42.00,855,4912.13,3536.73,80280.84
2023-09-11,"Tamil Nadu",6.70,38.10,898,5246.16,3777.24,97367.45
2023-09-12,"Tamil Nadu",4.80,34.70,912,2893.49,2083.31,17742.69
2023-09-13,"Tamil Nadu",6.30,43.50,911,3881.04,2794.35,89768.91
2023-09-14,"Tamil Nadu",7.70,23.10,912,5810.03,4183.22,72703.04
2023-09-15,"Tamil Nadu",10.20,33.10,916,7120.45,5126.72,21606.56
2023-09-16,"Tamil Nadu",8.30,27.70,903,6293.38,4531.23,56978.25
2023-09-17,"Tamil Nadu",5.10,39.40,915,3539.17,2548.20,47126.42
2023-09-18,"Tamil Nadu",5.40,45.00,901,4388.84,3159.96,109273.35
2023-09-19,"Tamil Nadu",7.80,44.90,892,5297.05,3813.88,79656.49
2023-09-20,"Tamil Nadu",9.50,26.70,875,6667.03,4800.26,33532.09
2023-09-21,"Tamil Nadu",9.10,43.00,877,5963.20,4293.50,59764.38
2023-09-22,"Tamil Nadu",10.30,18.00,849,8004.88,5763.51,75533.91
2023-09-23,"Tamil Nadu",7.60,44.80,883,4373.92,3149.22,118283.39
2023-09-24,"Tamil Nadu",5.80,26.50,943,4768.90,3433.61,85869.11
2023-09-25,"Tamil Nadu",6.20,32.90,916,4566.53,3287.90,72877.30
2023-09-26,"Tamil Nadu",5.10,30.40,864,3028.83,2180.76,50379.12
2023-09-27,"Tamil Nadu",8.00,24.30,883,4766.89,3432.16,53977.81
